{"initial_reset_timestamp": 1616306893.155544, "timestamps": [1616306894.68374, 1616306894.981157, 1616306895.006211, 1616306895.012151, 1616306895.016653, 1616306895.020654, 1616306895.0248199, 1616306895.027551, 1616306895.166823, 1616306895.18726, 1616306895.189758, 1616306895.1924129, 1616306895.195349, 1616306895.198567, 1616306895.201782, 1616306895.2041621, 1616306895.206986, 1616306895.209728, 1616306895.212729, 1616306895.215791, 1616306895.219007, 1616306895.222506, 1616306895.2260659, 1616306895.228744, 1616306895.23223, 1616306895.234987, 1616306895.237654, 1616306895.416151, 1616306895.44476, 1616306895.4485161, 1616306895.453565, 1616306895.457409, 1616306895.463244, 1616306895.4678211, 1616306895.474109, 1616306895.478388, 1616306895.4846022, 1616306895.4907362, 1616306895.494886, 1616306895.499824, 1616306895.505693, 1616306895.5097442, 1616306895.5158982, 1616306895.522035, 1616306895.526112, 1616306895.5320241, 1616306895.536942, 1616306895.541321, 1616306895.546019, 1616306895.5498931, 1616306895.553208, 1616306895.556911, 1616306895.560298, 1616306895.563838, 1616306895.5670059, 1616306895.570815, 1616306895.574019, 1616306895.577475, 1616306895.5801542, 1616306895.585066, 1616306895.5898821, 1616306895.593248, 1616306895.595785, 1616306895.5993578, 1616306895.8817751, 1616306895.9067788, 1616306895.91122, 1616306895.914442, 1616306895.917671, 1616306895.921481, 1616306895.924154, 1616306895.927945, 1616306895.930697, 1616306895.9334579, 1616306895.936468, 1616306895.941002, 1616306895.946413, 1616306895.950277, 1616306895.95445, 1616306895.958667, 1616306895.9613209, 1616306895.965083, 1616306895.969602, 1616306895.9734972, 1616306895.976589, 1616306895.981287, 1616306895.985208, 1616306895.988797, 1616306895.993221, 1616306895.998039, 1616306896.000373, 1616306896.0043972, 1616306896.00735, 1616306896.0118651, 1616306896.016206, 1616306896.0197482, 1616306896.023475, 1616306896.028737, 1616306896.034132, 1616306896.042714], "episode_lengths": [10, 10, 11, 12, 10, 9, 9, 10, 9, 12, 9, 9, 11, 10, 11, 9, 9, 11, 11, 10, 11, 10, 11, 10, 11, 10, 8, 10, 10, 10, 11, 9, 12, 9, 12, 9, 12, 12, 9, 10, 12, 8, 12, 12, 8, 11, 10, 9, 11, 10, 11, 12, 12, 12, 12, 12, 12, 12, 10, 11, 11, 11, 9, 12, 11, 9, 11, 10, 9, 12, 10, 12, 9, 10, 11, 13, 13, 10, 10, 12, 9, 11, 9, 11, 11, 11, 9, 10, 10, 10, 9, 12, 11, 12, 9, 9, 10, 11, 11, 10], "episode_rewards": [10.0, 10.0, 11.0, 12.0, 10.0, 9.0, 9.0, 10.0, 9.0, 12.0, 9.0, 9.0, 11.0, 10.0, 11.0, 9.0, 9.0, 11.0, 11.0, 10.0, 11.0, 10.0, 11.0, 10.0, 11.0, 10.0, 8.0, 10.0, 10.0, 10.0, 11.0, 9.0, 12.0, 9.0, 12.0, 9.0, 12.0, 12.0, 9.0, 10.0, 12.0, 8.0, 12.0, 12.0, 8.0, 11.0, 10.0, 9.0, 11.0, 10.0, 11.0, 12.0, 12.0, 12.0, 12.0, 12.0, 12.0, 12.0, 10.0, 11.0, 11.0, 11.0, 9.0, 12.0, 11.0, 9.0, 11.0, 10.0, 9.0, 12.0, 10.0, 12.0, 9.0, 10.0, 11.0, 13.0, 13.0, 10.0, 10.0, 12.0, 9.0, 11.0, 9.0, 11.0, 11.0, 11.0, 9.0, 10.0, 10.0, 10.0, 9.0, 12.0, 11.0, 12.0, 9.0, 9.0, 10.0, 11.0, 11.0, 10.0], "episode_types": ["t", "t", "t", "t", "t", "t", "t", "t", "t", "t", "t", "t", "t", "t", "t", "t", "t", "t", "t", "t", "t", "t", "t", "t", "t", "t", "t", "t", "t", "t", "t", "t", "t", "t", "t", "t", "t", "t", "t", "t", "t", "t", "t", "t", "t", "t", "t", "t", "t", "t", "t", "t", "t", "t", "t", "t", "t", "t", "t", "t", "t", "t", "t", "t", "t", "t", "t", "t", "t", "t", "t", "t", "t", "t", "t", "t", "t", "t", "t", "t", "t", "t", "t", "t", "t", "t", "t", "t", "t", "t", "t", "t", "t", "t", "t", "t", "t", "t", "t", "t"]}